,Year,Country_Code,Country_Name,Population_Density,People_Near_Rapid_Transit,Transit_Legend
350,1975,AUT,Austria,14196.3583422064,0.0,0.0
351,1976,AUT,Austria,14018.26311460566,0.0556256119496135,0.0556256119496135
352,1977,AUT,Austria,13840.16788700492,0.1112512238992271,0.1112512238992271
353,1978,AUT,Austria,13662.07265940418,0.1668768358488407,0.1668768358488407
354,1979,AUT,Austria,13483.97743180344,0.2225024477984543,0.2225024477984543
355,1980,AUT,Austria,13305.8822042027,0.278128059748068,0.278128059748068
356,1981,AUT,Austria,13213.07862536512,0.2931961084971904,0.2931961084971904
357,1982,AUT,Austria,13120.27504652754,0.3082641572463128,0.3082641572463128
358,1983,AUT,Austria,13027.47146768996,0.3233322059954352,0.3233322059954352
359,1984,AUT,Austria,12934.66788885238,0.3384002547445576,0.3384002547445576
360,1985,AUT,Austria,12841.8643100148,0.35346830349368,0.35346830349368
361,1986,AUT,Austria,12772.76212164344,0.3669588048663206,0.3669588048663206
362,1987,AUT,Austria,12703.65993327208,0.3804493062389612,0.3804493062389612
363,1988,AUT,Austria,12634.55774490072,0.3939398076116018,0.3939398076116018
364,1989,AUT,Austria,12565.45555652936,0.4074303089842424,0.4074303089842424
365,1990,AUT,Austria,12496.353368158,0.420920810356883,0.420920810356883
366,1991,AUT,Austria,12410.63844578166,0.439222668567584,0.439222668567584
367,1992,AUT,Austria,12324.92352340532,0.457524526778285,0.457524526778285
368,1993,AUT,Austria,12239.20860102898,0.475826384988986,0.475826384988986
369,1994,AUT,Austria,12153.49367865264,0.494128243199687,0.494128243199687
370,1995,AUT,Austria,12067.7787562763,0.512430101410388,0.512430101410388
371,1996,AUT,Austria,12000.01119986802,0.5301294511030719,0.5301294511030719
372,1997,AUT,Austria,11932.24364345974,0.5478288007957556,0.5478288007957556
373,1998,AUT,Austria,11864.47608705146,0.5655281504884394,0.5655281504884394
374,1999,AUT,Austria,11796.70853064318,0.5832275001811231,0.5832275001811231
375,2000,AUT,Austria,11728.9409742349,0.600926849873807,0.600926849873807
376,2001,AUT,Austria,11804.2697808202,0.5953612440267295,0.5953612440267295
377,2002,AUT,Austria,11879.5985874055,0.5897956381796522,0.5897956381796522
378,2003,AUT,Austria,11954.9273939908,0.5842300323325748,0.5842300323325748
379,2004,AUT,Austria,12030.2562005761,0.5786644264854974,0.5786644264854974
380,2005,AUT,Austria,12105.5850071614,0.57309882063842,0.57309882063842
381,2006,AUT,Austria,12170.20614494696,0.5798228180523184,0.5798228180523184
382,2007,AUT,Austria,12234.82728273252,0.5865468154662168,0.5865468154662168
383,2008,AUT,Austria,12299.44842051808,0.5932708128801152,0.5932708128801152
384,2009,AUT,Austria,12364.06955830364,0.5999948102940136,0.5999948102940136
385,2010,AUT,Austria,12428.6906960892,0.606718807707912,0.606718807707912
386,2011,AUT,Austria,12530.54242601216,0.5945313037174128,0.5945313037174128
387,2012,AUT,Austria,12632.39415593512,0.5823437997269136,0.5823437997269136
388,2013,AUT,Austria,12734.24588585808,0.5701562957364144,0.5701562957364144
389,2014,AUT,Austria,12836.09761578104,0.5579687917459152,0.5579687917459152
390,2015,AUT,Austria,12937.949345704,0.545781287755416,0.545781287755416
391,2016,AUT,Austria,13124.46846444642,0.5487807872723816,0.5487807872723816
392,2017,AUT,Austria,13310.98758318884,0.5517802867893472,0.5517802867893472
393,2018,AUT,Austria,13497.50670193126,0.5547797863063127,0.5547797863063127
394,2019,AUT,Austria,13684.02582067368,0.5577792858232784,0.5577792858232784
395,2020,AUT,Austria,13870.5449394161,0.560778785340244,0.560778785340244
396,2021,AUT,Austria,13960.661030803276,0.557029410944037,0.557029410944037
397,2022,AUT,Austria,14050.777122190451,0.55328003654783,0.55328003654783
398,2023,AUT,Austria,14140.893213577623,0.5495306621516229,0.5495306621516229
399,2024,AUT,Austria,14231.0093049648,0.545781287755416,0.545781287755416
1600,1975,CZE,Czechia,11389.2470253922,0.116136557416068,0.116136557416068
1601,1976,CZE,Czechia,11420.89821614128,0.1442748048463758,0.1442748048463758
1602,1977,CZE,Czechia,11452.54940689036,0.1724130522766836,0.1724130522766836
1603,1978,CZE,Czechia,11484.20059763944,0.2005512997069914,0.2005512997069914
1604,1979,CZE,Czechia,11515.85178838852,0.2286895471372992,0.2286895471372992
1605,1980,CZE,Czechia,11547.5029791376,0.256827794567607,0.256827794567607
1606,1981,CZE,Czechia,11517.91271713042,0.2649092653803034,0.2649092653803034
1607,1982,CZE,Czechia,11488.32245512324,0.2729907361929998,0.2729907361929998
1608,1983,CZE,Czechia,11458.73219311606,0.2810722070056962,0.2810722070056962
1609,1984,CZE,Czechia,11429.14193110888,0.2891536778183926,0.2891536778183926
1610,1985,CZE,Czechia,11399.5516691017,0.297235148631089,0.297235148631089
1611,1986,CZE,Czechia,11374.48430621856,0.3091171805060378,0.3091171805060378
1612,1987,CZE,Czechia,11349.41694333542,0.3209992123809866,0.3209992123809866
1613,1988,CZE,Czechia,11324.34958045228,0.3328812442559354,0.3328812442559354
1614,1989,CZE,Czechia,11299.28221756914,0.3447632761308842,0.3447632761308842
1615,1990,CZE,Czechia,11274.214854686,0.356645308005833,0.356645308005833
1616,1991,CZE,Czechia,11149.0869999156,0.3631551637589018,0.3631551637589018
1617,1992,CZE,Czechia,11023.9591451452,0.3696650195119706,0.3696650195119706
1618,1993,CZE,Czechia,10898.8312903748,0.3761748752650394,0.3761748752650394
1619,1994,CZE,Czechia,10773.7034356044,0.3826847310181082,0.3826847310181082
1620,1995,CZE,Czechia,10648.575580834,0.389194586771177,0.389194586771177
1621,1996,CZE,Czechia,10538.2753010366,0.3971715533321468,0.3971715533321468
1622,1997,CZE,Czechia,10427.9750212392,0.4051485198931166,0.4051485198931166
1623,1998,CZE,Czechia,10317.6747414418,0.4131254864540864,0.4131254864540864
1624,1999,CZE,Czechia,10207.3744616444,0.4211024530150562,0.4211024530150562
1625,2000,CZE,Czechia,10097.074181847,0.429079419576026,0.429079419576026
1626,2001,CZE,Czechia,10111.11530515618,0.4322665051464166,0.4322665051464166
1627,2002,CZE,Czechia,10125.15642846536,0.4354535907168072,0.4354535907168072
1628,2003,CZE,Czechia,10139.19755177454,0.4386406762871978,0.4386406762871978
1629,2004,CZE,Czechia,10153.23867508372,0.4418277618575884,0.4418277618575884
1630,2005,CZE,Czechia,10167.2797983929,0.445014847427979,0.445014847427979
1631,2006,CZE,Czechia,10204.37478503904,0.4453178273066003,0.4453178273066003
1632,2007,CZE,Czechia,10241.46977168518,0.4456208071852218,0.4456208071852218
1633,2008,CZE,Czechia,10278.56475833132,0.4459237870638431,0.4459237870638431
1634,2009,CZE,Czechia,10315.65974497746,0.4462267669424646,0.4462267669424646
1635,2010,CZE,Czechia,10352.7547316236,0.446529746821086,0.446529746821086
1636,2011,CZE,Czechia,10372.50819738412,0.4433130214576246,0.4433130214576246
1637,2012,CZE,Czechia,10392.26166314464,0.4400962960941632,0.4400962960941632
1638,2013,CZE,Czechia,10412.01512890516,0.4368795707307018,0.4368795707307018
1639,2014,CZE,Czechia,10431.76859466568,0.4336628453672404,0.4336628453672404
1640,2015,CZE,Czechia,10451.5220604262,0.430446120003779,0.430446120003779
1641,2016,CZE,Czechia,10463.80514965306,0.4316214240440064,0.4316214240440064
1642,2017,CZE,Czechia,10476.08823887992,0.4327967280842338,0.4327967280842338
1643,2018,CZE,Czechia,10488.37132810678,0.4339720321244612,0.4339720321244612
1644,2019,CZE,Czechia,10500.65441733364,0.4351473361646886,0.4351473361646886
1645,2020,CZE,Czechia,10512.9375065605,0.436322640204916,0.436322640204916
1646,2021,CZE,Czechia,10534.900826157,0.4348535101546317,0.4348535101546317
1647,2022,CZE,Czechia,10556.8641457535,0.4333843801043475,0.4333843801043475
1648,2023,CZE,Czechia,10578.82746535,0.4319152500540633,0.4319152500540633
1649,2024,CZE,Czechia,10600.7907849465,0.430446120003779,0.430446120003779
1700,1975,DNK,Denmark,8873.50877612187,0.375403560510851,0.375403560510851
1701,1976,DNK,Denmark,8785.930039728008,0.393219612710017,0.393219612710017
1702,1977,DNK,Denmark,8698.351303334146,0.411035664909183,0.411035664909183
1703,1978,DNK,Denmark,8610.772566940283,0.428851717108349,0.428851717108349
1704,1979,DNK,Denmark,8523.193830546421,0.446667769307515,0.446667769307515
1705,1980,DNK,Denmark,8435.61509415256,0.464483821506681,0.464483821506681
1706,1981,DNK,Denmark,8407.951623232311,0.467653996261365,0.467653996261365
1707,1982,DNK,Denmark,8380.288152312063,0.470824171016049,0.470824171016049
1708,1983,DNK,Denmark,8352.624681391817,0.4739943457707329,0.4739943457707329
1709,1984,DNK,Denmark,8324.961210471569,0.4771645205254169,0.4771645205254169
1710,1985,DNK,Denmark,8297.29773955132,0.480334695280101,0.480334695280101
1711,1986,DNK,Denmark,8303.259364094238,0.4819683237060841,0.4819683237060841
1712,1987,DNK,Denmark,8309.220988637157,0.4836019521320673,0.4836019521320673
1713,1988,DNK,Denmark,8315.182613180074,0.4852355805580506,0.4852355805580506
1714,1989,DNK,Denmark,8321.144237722992,0.4868692089840338,0.4868692089840338
1715,1990,DNK,Denmark,8327.10586226591,0.488502837410017,0.488502837410017
1716,1991,DNK,Denmark,8375.441035254762,0.4870156948869598,0.4870156948869598
1717,1992,DNK,Denmark,8423.776208243613,0.4855285523639026,0.4855285523639026
1718,1993,DNK,Denmark,8472.111381232466,0.4840414098408454,0.4840414098408454
1719,1994,DNK,Denmark,8520.446554221317,0.4825542673177882,0.4825542673177882
1720,1995,DNK,Denmark,8568.78172721017,0.481067124794731,0.481067124794731
1721,1996,DNK,Denmark,8648.135310749745,0.4825733183631438,0.4825733183631438
1722,1997,DNK,Denmark,8727.488894289321,0.4840795119315566,0.4840795119315566
1723,1998,DNK,Denmark,8806.842477828897,0.4855857054999694,0.4855857054999694
1724,1999,DNK,Denmark,8886.196061368473,0.4870918990683822,0.4870918990683822
1725,2000,DNK,Denmark,8965.54964490805,0.488598092636795,0.488598092636795
1726,2001,DNK,Denmark,9089.831732645627,0.5177859575036472,0.5177859575036472
1727,2002,DNK,Denmark,9214.113820383203,0.5469738223704994,0.5469738223704994
1728,2003,DNK,Denmark,9338.395908120783,0.5761616872373516,0.5761616872373516
1729,2004,DNK,Denmark,9462.677995858365,0.6053495521042038,0.6053495521042038
1730,2005,DNK,Denmark,9586.96008359594,0.634537416971056,0.634537416971056
1731,2006,DNK,Denmark,9759.770773992772,0.6313964630772466,0.6313964630772466
1732,2007,DNK,Denmark,9932.581464389605,0.6282555091834372,0.6282555091834372
1733,2008,DNK,Denmark,10105.392154786436,0.6251145552896278,0.6251145552896278
1734,2009,DNK,Denmark,10278.202845183268,0.6219736013958184,0.6219736013958184
1735,2010,DNK,Denmark,10451.0135355801,0.618832647502009,0.618832647502009
1736,2011,DNK,Denmark,10682.63061644318,0.6161602762905928,0.6161602762905928
1737,2012,DNK,Denmark,10914.24769730626,0.6134879050791766,0.6134879050791766
1738,2013,DNK,Denmark,11145.86477816934,0.6108155338677603,0.6108155338677603
1739,2014,DNK,Denmark,11377.48185903242,0.6081431626563442,0.6081431626563442
1740,2015,DNK,Denmark,11609.0989398955,0.605470791444928,0.605470791444928
1741,2016,DNK,Denmark,11856.5571500136,0.6100484839670326,0.6100484839670326
1742,2017,DNK,Denmark,12104.015360131702,0.6146261764891372,0.6146261764891372
1743,2018,DNK,Denmark,12351.4735702498,0.6192038690112418,0.6192038690112418
1744,2019,DNK,Denmark,12598.9317803679,0.6237815615333464,0.6237815615333464
1745,2020,DNK,Denmark,12846.389990486,0.628359254055451,0.628359254055451
1746,2021,DNK,Denmark,13052.284683139926,0.6226371384028202,0.6226371384028202
1747,2022,DNK,Denmark,13258.17937579385,0.6169150227501895,0.6169150227501895
1748,2023,DNK,Denmark,13464.074068447777,0.6111929070975588,0.6111929070975588
1749,2024,DNK,Denmark,13669.9687611017,0.605470791444928,0.605470791444928
2150,1975,FRA,France,12669.9923024714,0.32771521321028,0.32771521321028
2151,1976,FRA,France,12683.83379454362,0.3351014886953642,0.3351014886953642
2152,1977,FRA,France,12697.67528661584,0.3424877641804484,0.3424877641804484
2153,1978,FRA,France,12711.51677868806,0.3498740396655326,0.3498740396655326
2154,1979,FRA,France,12725.35827076028,0.3572603151506168,0.3572603151506168
2155,1980,FRA,France,12739.1997628325,0.364646590635701,0.364646590635701
2156,1981,FRA,France,12792.91827089816,0.3672665471700356,0.3672665471700356
2157,1982,FRA,France,12846.63677896382,0.3698865037043702,0.3698865037043702
2158,1983,FRA,France,12900.35528702948,0.3725064602387047,0.3725064602387047
2159,1984,FRA,France,12954.07379509514,0.3751264167730394,0.3751264167730394
2160,1985,FRA,France,13007.7923031608,0.377746373307374,0.377746373307374
2161,1986,FRA,France,13081.33944731416,0.3771855957982793,0.3771855957982793
2162,1987,FRA,France,13154.88659146752,0.3766248182891847,0.3766248182891847
2163,1988,FRA,France,13228.43373562088,0.3760640407800902,0.3760640407800902
2164,1989,FRA,France,13301.98087977424,0.3755032632709956,0.3755032632709956
2165,1990,FRA,France,13375.5280239276,0.374942485761901,0.374942485761901
2166,1991,FRA,France,13377.74817917666,0.3798674288674312,0.3798674288674312
2167,1992,FRA,France,13379.96833442572,0.3847923719729614,0.3847923719729614
2168,1993,FRA,France,13382.18848967478,0.3897173150784915,0.3897173150784915
2169,1994,FRA,France,13384.40864492384,0.3946422581840217,0.3946422581840217
2170,1995,FRA,France,13386.6288001729,0.399567201289552,0.399567201289552
2171,1996,FRA,France,13412.01534485422,0.4012658613468006,0.4012658613468006
2172,1997,FRA,France,13437.40188953554,0.4029645214040492,0.4029645214040492
2173,1998,FRA,France,13462.78843421686,0.4046631814612977,0.4046631814612977
2174,1999,FRA,France,13488.17497889818,0.4063618415185464,0.4063618415185464
2175,2000,FRA,France,13513.5615235795,0.408060501575795,0.408060501575795
2176,2001,FRA,France,13591.76525445142,0.4103095724963362,0.4103095724963362
2177,2002,FRA,France,13669.96898532334,0.4125586434168774,0.4125586434168774
2178,2003,FRA,France,13748.17271619526,0.4148077143374186,0.4148077143374186
2179,2004,FRA,France,13826.37644706718,0.4170567852579598,0.4170567852579598
2180,2005,FRA,France,13904.5801779391,0.419305856178501,0.419305856178501
2181,2006,FRA,France,13989.39210578844,0.4246599077580284,0.4246599077580284
2182,2007,FRA,France,14074.20403363778,0.4300139593375558,0.4300139593375558
2183,2008,FRA,France,14159.01596148712,0.4353680109170832,0.4353680109170832
2184,2009,FRA,France,14243.82788933646,0.4407220624966106,0.4407220624966106
2185,2010,FRA,France,14328.6398171858,0.446076114076138,0.446076114076138
2186,2011,FRA,France,14390.26564184576,0.4549472450970466,0.4549472450970466
2187,2012,FRA,France,14451.89146650572,0.4638183761179552,0.4638183761179552
2188,2013,FRA,France,14513.51729116568,0.4726895071388638,0.4726895071388638
2189,2014,FRA,France,14575.14311582564,0.4815606381597724,0.4815606381597724
2190,2015,FRA,France,14636.7689404856,0.490431769180681,0.490431769180681
2191,2016,FRA,France,14647.80655164178,0.4882333237474414,0.4882333237474414
2192,2017,FRA,France,14658.84416279796,0.4860348783142018,0.4860348783142018
2193,2018,FRA,France,14669.88177395414,0.4838364328809622,0.4838364328809622
2194,2019,FRA,France,14680.91938511032,0.4816379874477226,0.4816379874477226
2195,2020,FRA,France,14691.9569962665,0.479439542014483,0.479439542014483
2196,2021,FRA,France,14748.07192177305,0.4821875988060325,0.4821875988060325
2197,2022,FRA,France,14804.1868472796,0.484935655597582,0.484935655597582
2198,2023,FRA,France,14860.30177278615,0.4876837123891315,0.4876837123891315
2199,2024,FRA,France,14916.4166982927,0.490431769180681,0.490431769180681
2350,1975,DEU,Germany,9222.70949139846,0.25671290889982,0.25671290889982
2351,1976,DEU,Germany,9144.79391774492,0.2645379560835672,0.2645379560835672
2352,1977,DEU,Germany,9066.87834409138,0.2723630032673144,0.2723630032673144
2353,1978,DEU,Germany,8988.96277043784,0.2801880504510616,0.2801880504510616
2354,1979,DEU,Germany,8911.047196784299,0.2880130976348088,0.2880130976348088
2355,1980,DEU,Germany,8833.13162313076,0.295838144818556,0.295838144818556
2356,1981,DEU,Germany,8745.821290413263,0.3030084534562176,0.3030084534562176
2357,1982,DEU,Germany,8658.510957695768,0.3101787620938792,0.3101787620938792
2358,1983,DEU,Germany,8571.200624978272,0.3173490707315408,0.3173490707315408
2359,1984,DEU,Germany,8483.890292260776,0.3245193793692024,0.3245193793692024
2360,1985,DEU,Germany,8396.57995954328,0.331689688006864,0.331689688006864
2361,1986,DEU,Germany,8428.54531167644,0.3388807435126742,0.3388807435126742
2362,1987,DEU,Germany,8460.5106638096,0.3460717990184844,0.3460717990184844
2363,1988,DEU,Germany,8492.476015942759,0.3532628545242946,0.3532628545242946
2364,1989,DEU,Germany,8524.441368075919,0.3604539100301048,0.3604539100301048
2365,1990,DEU,Germany,8556.40672020908,0.367644965535915,0.367644965535915
2366,1991,DEU,Germany,8511.968292235206,0.3707484617914122,0.3707484617914122
2367,1992,DEU,Germany,8467.529864261332,0.3738519580469094,0.3738519580469094
2368,1993,DEU,Germany,8423.091436287457,0.3769554543024066,0.3769554543024066
2369,1994,DEU,Germany,8378.653008313584,0.3800589505579038,0.3800589505579038
2370,1995,DEU,Germany,8334.21458033971,0.383162446813401,0.383162446813401
2371,1996,DEU,Germany,8259.48373439947,0.3870956680111014,0.3870956680111014
2372,1997,DEU,Germany,8184.75288845923,0.3910288892088018,0.3910288892088018
2373,1998,DEU,Germany,8110.02204251899,0.3949621104065022,0.3949621104065022
2374,1999,DEU,Germany,8035.29119657875,0.3988953316042026,0.3988953316042026
2375,2000,DEU,Germany,7960.56035063851,0.402828552801903,0.402828552801903
2376,2001,DEU,Germany,7936.73349565242,0.4041251422542396,0.4041251422542396
2377,2002,DEU,Germany,7912.90664066633,0.4054217317065762,0.4054217317065762
2378,2003,DEU,Germany,7889.07978568024,0.4067183211589128,0.4067183211589128
2379,2004,DEU,Germany,7865.25293069415,0.4080149106112494,0.4080149106112494
2380,2005,DEU,Germany,7841.42607570806,0.409311500063586,0.409311500063586
2381,2006,DEU,Germany,7842.438228608442,0.4094638668823526,0.4094638668823526
2382,2007,DEU,Germany,7843.450381508824,0.4096162337011192,0.4096162337011192
2383,2008,DEU,Germany,7844.4625344092065,0.4097686005198858,0.4097686005198858
2384,2009,DEU,Germany,7845.474687309588,0.4099209673386524,0.4099209673386524
2385,2010,DEU,Germany,7846.48684020997,0.410073334157419,0.410073334157419
2386,2011,DEU,Germany,7860.900822628726,0.404740902759537,0.404740902759537
2387,2012,DEU,Germany,7875.314805047482,0.3994084713616549,0.3994084713616549
2388,2013,DEU,Germany,7889.728787466238,0.394076039963773,0.394076039963773
2389,2014,DEU,Germany,7904.142769884994,0.3887436085658909,0.3887436085658909
2390,2015,DEU,Germany,7918.55675230375,0.383411177168009,0.383411177168009
2391,2016,DEU,Germany,8002.772738360348,0.3840629197372138,0.3840629197372138
2392,2017,DEU,Germany,8086.988724416946,0.3847146623064186,0.3847146623064186
2393,2018,DEU,Germany,8171.204710473545,0.3853664048756234,0.3853664048756234
2394,2019,DEU,Germany,8255.420696530142,0.3860181474448282,0.3860181474448282
2395,2020,DEU,Germany,8339.63668258674,0.386669890014033,0.386669890014033
2396,2021,DEU,Germany,8363.393812053646,0.385855211802527,0.385855211802527
2397,2022,DEU,Germany,8387.150941520551,0.385040533591021,0.385040533591021
2398,2023,DEU,Germany,8410.908070987454,0.384225855379515,0.384225855379515
2399,2024,DEU,Germany,8434.66520045436,0.383411177168009,0.383411177168009
4600,1975,NOR,Norway,7321.26744464507,0.764759010625019,0.764759010625019
4601,1976,NOR,Norway,7219.103655504476,0.768806960724504,0.768806960724504
4602,1977,NOR,Norway,7116.939866363882,0.772854910823989,0.772854910823989
4603,1978,NOR,Norway,7014.776077223288,0.776902860923474,0.776902860923474
4604,1979,NOR,Norway,6912.612288082694,0.780950811022959,0.780950811022959
4605,1980,NOR,Norway,6810.4484989421,0.784998761122444,0.784998761122444
4606,1981,NOR,Norway,6772.69532315303,0.7824171795110922,0.7824171795110922
4607,1982,NOR,Norway,6734.94214736396,0.7798355978997404,0.7798355978997404
4608,1983,NOR,Norway,6697.18897157489,0.7772540162883886,0.7772540162883886
4609,1984,NOR,Norway,6659.43579578582,0.7746724346770368,0.7746724346770368
4610,1985,NOR,Norway,6621.68261999675,0.772090853065685,0.772090853065685
4611,1986,NOR,Norway,6602.763928582686,0.7670177542896944,0.7670177542896944
4612,1987,NOR,Norway,6583.845237168622,0.7619446555137038,0.7619446555137038
4613,1988,NOR,Norway,6564.926545754558,0.7568715567377132,0.7568715567377132
4614,1989,NOR,Norway,6546.007854340493,0.7517984579617226,0.7517984579617226
4615,1990,NOR,Norway,6527.08916292643,0.746725359185732,0.746725359185732
4616,1991,NOR,Norway,6525.375876338456,0.7374163280787984,0.7374163280787984
4617,1992,NOR,Norway,6523.662589750482,0.7281072969718648,0.7281072969718648
4618,1993,NOR,Norway,6521.949303162508,0.7187982658649312,0.7187982658649312
4619,1994,NOR,Norway,6520.236016574534,0.7094892347579976,0.7094892347579976
4620,1995,NOR,Norway,6518.52272998656,0.700180203651064,0.700180203651064
4621,1996,NOR,Norway,6531.634901772384,0.6941192861548784,0.6941192861548784
4622,1997,NOR,Norway,6544.747073558208,0.6880583686586929,0.6880583686586929
4623,1998,NOR,Norway,6557.859245344032,0.6819974511625072,0.6819974511625072
4624,1999,NOR,Norway,6570.971417129856,0.6759365336663217,0.6759365336663217
4625,2000,NOR,Norway,6584.08358891568,0.669875616170136,0.669875616170136
4626,2001,NOR,Norway,6614.577334666258,0.6654138208419342,0.6654138208419342
4627,2002,NOR,Norway,6645.071080416836,0.6609520255137324,0.6609520255137324
4628,2003,NOR,Norway,6675.564826167414,0.6564902301855305,0.6564902301855305
4629,2004,NOR,Norway,6706.058571917992,0.6520284348573288,0.6520284348573288
4630,2005,NOR,Norway,6736.55231766857,0.647566639529127,0.647566639529127
4631,2006,NOR,Norway,6828.222758342246,0.6346027301410639,0.6346027301410639
4632,2007,NOR,Norway,6919.893199015923,0.6216388207530009,0.6216388207530009
4633,2008,NOR,Norway,7011.563639689598,0.608674911364938,0.608674911364938
4634,2009,NOR,Norway,7103.234080363274,0.595711001976875,0.595711001976875
4635,2010,NOR,Norway,7194.90452103695,0.582747092588812,0.582747092588812
4636,2011,NOR,Norway,7273.138425655116,0.5653622124455837,0.5653622124455837
4637,2012,NOR,Norway,7351.372330273282,0.5479773323023556,0.5479773323023556
4638,2013,NOR,Norway,7429.606234891448,0.5305924521591274,0.5305924521591274
4639,2014,NOR,Norway,7507.840139509614,0.5132075720158992,0.5132075720158992
4640,2015,NOR,Norway,7586.07404412778,0.495822691872671,0.495822691872671
4641,2016,NOR,Norway,7634.3396926858,0.5005369701522357,0.5005369701522357
4642,2017,NOR,Norway,7682.6053412438205,0.5052512484318006,0.5052512484318006
4643,2018,NOR,Norway,7730.87098980184,0.5099655267113654,0.5099655267113654
4644,2019,NOR,Norway,7779.13663835986,0.5146798049909301,0.5146798049909301
4645,2020,NOR,Norway,7827.40228691788,0.519394083270495,0.519394083270495
4646,2021,NOR,Norway,7910.3542993402625,0.513501235421039,0.513501235421039
4647,2022,NOR,Norway,7993.306311762644,0.507608387571583,0.507608387571583
4648,2023,NOR,Norway,8076.258324185027,0.501715539722127,0.501715539722127
4649,2024,NOR,Norway,8159.21033660741,0.495822691872671,0.495822691872671
5700,1975,ESP,Spain,20925.6082307787,0.281662846030674,0.281662846030674
5701,1976,ESP,Spain,21113.53569341934,0.2880909731846122,0.2880909731846122
5702,1977,ESP,Spain,21301.46315605998,0.2945191003385504,0.2945191003385504
5703,1978,ESP,Spain,21489.390618700618,0.3009472274924886,0.3009472274924886
5704,1979,ESP,Spain,21677.31808134126,0.3073753546464268,0.3073753546464268
5705,1980,ESP,Spain,21865.2455439819,0.313803481800365,0.313803481800365
5706,1981,ESP,Spain,21862.91717163946,0.3283393079844194,0.3283393079844194
5707,1982,ESP,Spain,21860.58879929702,0.3428751341684738,0.3428751341684738
5708,1983,ESP,Spain,21858.260426954577,0.3574109603525282,0.3574109603525282
5709,1984,ESP,Spain,21855.932054612134,0.3719467865365826,0.3719467865365826
5710,1985,ESP,Spain,21853.6036822697,0.386482612720637,0.386482612720637
5711,1986,ESP,Spain,21833.36503879934,0.394228696700838,0.394228696700838
5712,1987,ESP,Spain,21813.126395328974,0.401974780681039,0.401974780681039
5713,1988,ESP,Spain,21792.88775185862,0.40972086466124,0.40972086466124
5714,1989,ESP,Spain,21772.649108388257,0.417466948641441,0.417466948641441
5715,1990,ESP,Spain,21752.4104649179,0.425213032621642,0.425213032621642
5716,1991,ESP,Spain,21591.928913965457,0.4365987326784466,0.4365987326784466
5717,1992,ESP,Spain,21431.44736301302,0.4479844327352512,0.4479844327352512
5718,1993,ESP,Spain,21270.965812060575,0.4593701327920558,0.4593701327920558
5719,1994,ESP,Spain,21110.48426110814,0.4707558328488604,0.4707558328488604
5720,1995,ESP,Spain,20950.0027101557,0.482141532905665,0.482141532905665
5721,1996,ESP,Spain,20876.10156892416,0.4900096298954626,0.4900096298954626
5722,1997,ESP,Spain,20802.20042769262,0.4978777268852602,0.4978777268852602
5723,1998,ESP,Spain,20728.29928646108,0.5057458238750578,0.5057458238750578
5724,1999,ESP,Spain,20654.39814522954,0.5136139208648554,0.5136139208648554
5725,2000,ESP,Spain,20580.497003998,0.521482017854653,0.521482017854653
5726,2001,ESP,Spain,20662.7739510898,0.531951799879681,0.531951799879681
5727,2002,ESP,Spain,20745.0508981816,0.542421581904709,0.542421581904709
5728,2003,ESP,Spain,20827.3278452734,0.5528913639297369,0.5528913639297369
5729,2004,ESP,Spain,20909.6047923652,0.5633611459547649,0.5633611459547649
5730,2005,ESP,Spain,20991.881739457,0.573830927979793,0.573830927979793
5731,2006,ESP,Spain,21133.66547021604,0.5895780375242702,0.5895780375242702
5732,2007,ESP,Spain,21275.44920097508,0.6053251470687474,0.6053251470687474
5733,2008,ESP,Spain,21417.23293173412,0.6210722566132245,0.6210722566132245
5734,2009,ESP,Spain,21559.01666249316,0.6368193661577017,0.6368193661577017
5735,2010,ESP,Spain,21700.8003932522,0.652566475702179,0.652566475702179
5736,2011,ESP,Spain,21865.15616204388,0.6472212488038601,0.6472212488038601
5737,2012,ESP,Spain,22029.51193083556,0.6418760219055414,0.6418760219055414
5738,2013,ESP,Spain,22193.86769962724,0.6365307950072225,0.6365307950072225
5739,2014,ESP,Spain,22358.22346841892,0.6311855681089038,0.6311855681089038
5740,2015,ESP,Spain,22522.5792372106,0.625840341210585,0.625840341210585
5741,2016,ESP,Spain,22821.37544041354,0.6261710603499028,0.6261710603499028
5742,2017,ESP,Spain,23120.17164361648,0.6265017794892206,0.6265017794892206
5743,2018,ESP,Spain,23418.96784681942,0.6268324986285384,0.6268324986285384
5744,2019,ESP,Spain,23717.76405002236,0.6271632177678562,0.6271632177678562
5745,2020,ESP,Spain,24016.5602532253,0.627493936907174,0.627493936907174
5746,2021,ESP,Spain,24120.51291795825,0.6270805379830268,0.6270805379830268
5747,2022,ESP,Spain,24224.4655826912,0.6266671390588795,0.6266671390588795
5748,2023,ESP,Spain,24328.41824742415,0.6262537401347322,0.6262537401347322
5749,2024,ESP,Spain,24432.3709121571,0.625840341210585,0.625840341210585
5850,1975,SWE,Sweden,10266.5227668337,0.538622412109206,0.538622412109206
5851,1976,SWE,Sweden,10094.515378921966,0.5448295769400976,0.5448295769400976
5852,1977,SWE,Sweden,9922.507991010232,0.5510367417709892,0.5510367417709892
5853,1978,SWE,Sweden,9750.500603098497,0.5572439066018808,0.5572439066018808
5854,1979,SWE,Sweden,9578.493215186763,0.5634510714327724,0.5634510714327724
5855,1980,SWE,Sweden,9406.48582727503,0.569658236263664,0.569658236263664
5856,1981,SWE,Sweden,9347.12906790668,0.5734398550694858,0.5734398550694858
5857,1982,SWE,Sweden,9287.77230853833,0.5772214738753076,0.5772214738753076
5858,1983,SWE,Sweden,9228.41554916998,0.5810030926811294,0.5810030926811294
5859,1984,SWE,Sweden,9169.05878980163,0.5847847114869512,0.5847847114869512
5860,1985,SWE,Sweden,9109.70203043328,0.588566330292773,0.588566330292773
5861,1986,SWE,Sweden,9079.734915781815,0.5865556607110527,0.5865556607110527
5862,1987,SWE,Sweden,9049.767801130352,0.5845449911293322,0.5845449911293322
5863,1988,SWE,Sweden,9019.800686478888,0.5825343215476119,0.5825343215476119
5864,1989,SWE,Sweden,8989.833571827425,0.5805236519658914,0.5805236519658914
5865,1990,SWE,Sweden,8959.86645717596,0.578512982384171,0.578512982384171
5866,1991,SWE,Sweden,9049.77917563279,0.5731026941270104,0.5731026941270104
5867,1992,SWE,Sweden,9139.69189408962,0.5676924058698498,0.5676924058698498
5868,1993,SWE,Sweden,9229.60461254645,0.5622821176126892,0.5622821176126892
5869,1994,SWE,Sweden,9319.51733100328,0.5568718293555286,0.5568718293555286
5870,1995,SWE,Sweden,9409.43004946011,0.551461541098368,0.551461541098368
5871,1996,SWE,Sweden,9470.819012030017,0.5462519790595199,0.5462519790595199
5872,1997,SWE,Sweden,9532.207974599922,0.541042417020672,0.541042417020672
5873,1998,SWE,Sweden,9593.596937169828,0.535832854981824,0.535832854981824
5874,1999,SWE,Sweden,9654.985899739731,0.530623292942976,0.530623292942976
5875,2000,SWE,Sweden,9716.37486230964,0.525413730904128,0.525413730904128
5876,2001,SWE,Sweden,9745.74982542576,0.5219609171324836,0.5219609171324836
5877,2002,SWE,Sweden,9775.12478854188,0.5185081033608392,0.5185081033608392
5878,2003,SWE,Sweden,9804.499751658,0.5150552895891948,0.5150552895891948
5879,2004,SWE,Sweden,9833.87471477412,0.5116024758175504,0.5116024758175504
5880,2005,SWE,Sweden,9863.24967789024,0.508149662045906,0.508149662045906
5881,2006,SWE,Sweden,10000.345044999252,0.500726717171391,0.500726717171391
5882,2007,SWE,Sweden,10137.440412108264,0.4933037722968759,0.4933037722968759
5883,2008,SWE,Sweden,10274.535779217276,0.485880827422361,0.485880827422361
5884,2009,SWE,Sweden,10411.631146326288,0.478457882547846,0.478457882547846
5885,2010,SWE,Sweden,10548.7265134353,0.471034937673331,0.471034937673331
5886,2011,SWE,Sweden,10714.17821275794,0.4516753895287284,0.4516753895287284
5887,2012,SWE,Sweden,10879.62991208058,0.4323158413841257,0.4323158413841257
5888,2013,SWE,Sweden,11045.08161140322,0.4129562932395232,0.4129562932395232
5889,2014,SWE,Sweden,11210.53331072586,0.3935967450949206,0.3935967450949206
5890,2015,SWE,Sweden,11375.9850100485,0.374237196950318,0.374237196950318
5891,2016,SWE,Sweden,11613.6537333534,0.3778766743897135,0.3778766743897135
5892,2017,SWE,Sweden,11851.3224566583,0.3815161518291092,0.3815161518291092
5893,2018,SWE,Sweden,12088.9911799632,0.3851556292685048,0.3851556292685048
5894,2019,SWE,Sweden,12326.6599032681,0.3887951067079004,0.3887951067079004
5895,2020,SWE,Sweden,12564.328626573,0.392434584147296,0.392434584147296
5896,2021,SWE,Sweden,12711.40739324205,0.3878852373480514,0.3878852373480514
5897,2022,SWE,Sweden,12858.4861599111,0.383335890548807,0.383335890548807
5898,2023,SWE,Sweden,13005.56492658015,0.3787865437495625,0.3787865437495625
5899,2024,SWE,Sweden,13152.6436932492,0.374237196950318,0.374237196950318
5900,1975,CHE,Switzerland,5966.44925357775,0.969551417994871,0.969551417994871
5901,1976,CHE,Switzerland,5932.596498350178,0.9738714989479827,0.9738714989479827
5902,1977,CHE,Switzerland,5898.743743122606,0.9781915799010946,0.9781915799010946
5903,1978,CHE,Switzerland,5864.8909878950335,0.9825116608542064,0.9825116608542064
5904,1979,CHE,Switzerland,5831.038232667462,0.9868317418073184,0.9868317418073184
5905,1980,CHE,Switzerland,5797.18547743989,0.99115182276043,0.99115182276043
5906,1981,CHE,Switzerland,5984.177529317124,0.96145660221596,0.96145660221596
5907,1982,CHE,Switzerland,6171.169581194358,0.9317613816714896,0.9317613816714896
5908,1983,CHE,Switzerland,6358.161633071592,0.9020661611270194,0.9020661611270194
5909,1984,CHE,Switzerland,6545.153684948826,0.8723709405825492,0.8723709405825492
5910,1985,CHE,Switzerland,6732.14573682606,0.842675720038079,0.842675720038079
5911,1986,CHE,Switzerland,6976.258943773874,0.8238458800120791,0.8238458800120791
5912,1987,CHE,Switzerland,7220.372150721688,0.8050160399860794,0.8050160399860794
5913,1988,CHE,Switzerland,7464.485357669502,0.7861861999600795,0.7861861999600795
5914,1989,CHE,Switzerland,7708.598564617316,0.7673563599340798,0.7673563599340798
5915,1990,CHE,Switzerland,7952.71177156513,0.74852651990808,0.74852651990808
5916,1991,CHE,Switzerland,7992.1290315093665,0.7404100941153123,0.7404100941153123
5917,1992,CHE,Switzerland,8031.546291453602,0.7322936683225447,0.7322936683225447
5918,1993,CHE,Switzerland,8070.963551397838,0.7241772425297772,0.7241772425297772
5919,1994,CHE,Switzerland,8110.380811342074,0.7160608167370096,0.7160608167370096
5920,1995,CHE,Switzerland,8149.79807128631,0.707944390944242,0.707944390944242
5921,1996,CHE,Switzerland,8180.518856517822,0.7018404200928964,0.7018404200928964
5922,1997,CHE,Switzerland,8211.239641749335,0.6957364492415508,0.6957364492415508
5923,1998,CHE,Switzerland,8241.960426980846,0.6896324783902053,0.6896324783902053
5924,1999,CHE,Switzerland,8272.68121221236,0.6835285075388596,0.6835285075388596
5925,2000,CHE,Switzerland,8303.40199744387,0.677424536687514,0.677424536687514
5926,2001,CHE,Switzerland,8348.55805929842,0.6713379740841308,0.6713379740841308
5927,2002,CHE,Switzerland,8393.71412115297,0.6652514114807476,0.6652514114807476
5928,2003,CHE,Switzerland,8438.87018300752,0.6591648488773644,0.6591648488773644
5929,2004,CHE,Switzerland,8484.02624486207,0.6530782862739812,0.6530782862739812
5930,2005,CHE,Switzerland,8529.18230671662,0.646991723670598,0.646991723670598
5931,2006,CHE,Switzerland,8579.770177825589,0.6482791771610356,0.6482791771610356
5932,2007,CHE,Switzerland,8630.358048934557,0.6495666306514731,0.6495666306514731
5933,2008,CHE,Switzerland,8680.945920043523,0.6508540841419108,0.6508540841419108
5934,2009,CHE,Switzerland,8731.533791152491,0.6521415376323484,0.6521415376323484
5935,2010,CHE,Switzerland,8782.12166226146,0.653428991122786,0.653428991122786
5936,2011,CHE,Switzerland,8841.818782901453,0.6440979637486701,0.6440979637486701
5937,2012,CHE,Switzerland,8901.515903541447,0.6347669363745544,0.6347669363745544
5938,2013,CHE,Switzerland,8961.213024181443,0.6254359090004386,0.6254359090004386
5939,2014,CHE,Switzerland,9020.910144821435,0.6161048816263228,0.6161048816263228
5940,2015,CHE,Switzerland,9080.60726546143,0.606773854252207,0.606773854252207
5941,2016,CHE,Switzerland,9141.629661881198,0.6081564029870892,0.6081564029870892
5942,2017,CHE,Switzerland,9202.652058300962,0.6095389517219714,0.6095389517219714
5943,2018,CHE,Switzerland,9263.674454720727,0.6109215004568536,0.6109215004568536
5944,2019,CHE,Switzerland,9324.696851140494,0.6123040491917358,0.6123040491917358
5945,2020,CHE,Switzerland,9385.71924756026,0.613686597926618,0.613686597926618
5946,2021,CHE,Switzerland,9430.539741315386,0.6119584120080153,0.6119584120080153
5947,2022,CHE,Switzerland,9475.360235070511,0.6102302260894125,0.6102302260894125
5948,2023,CHE,Switzerland,9520.180728825637,0.6085020401708097,0.6085020401708097
5949,2024,CHE,Switzerland,9565.00122258076,0.606773854252207,0.606773854252207
6750,1975,VAT,Vatican City,3869.19130352303,0.0,0.0
6751,1976,VAT,Vatican City,3875.578008728334,0.099863875323981,0.099863875323981
6752,1977,VAT,Vatican City,3881.964713933638,0.199727750647962,0.199727750647962
6753,1978,VAT,Vatican City,3888.351419138942,0.299591625971943,0.299591625971943
6754,1979,VAT,Vatican City,3894.738124344246,0.399455501295924,0.399455501295924
6755,1980,VAT,Vatican City,3901.12482954955,0.499319376619905,0.499319376619905
6756,1981,VAT,Vatican City,3914.391407282764,0.4971194571346294,0.4971194571346294
6757,1982,VAT,Vatican City,3927.6579850159774,0.4949195376493538,0.4949195376493538
6758,1983,VAT,Vatican City,3940.924562749192,0.4927196181640781,0.4927196181640781
6759,1984,VAT,Vatican City,3954.191140482406,0.4905196986788026,0.4905196986788026
6760,1985,VAT,Vatican City,3967.45771821562,0.488319779193527,0.488319779193527
6761,1986,VAT,Vatican City,3984.257149283854,0.486025115664092,0.486025115664092
6762,1987,VAT,Vatican City,4001.056580352088,0.483730452134657,0.483730452134657
6763,1988,VAT,Vatican City,4017.856011420322,0.481435788605222,0.481435788605222
6764,1989,VAT,Vatican City,4034.655442488556,0.479141125075787,0.479141125075787
6765,1990,VAT,Vatican City,4051.45487355679,0.476846461546352,0.476846461546352
6766,1991,VAT,Vatican City,4044.204103161382,0.4777165914582478,0.4777165914582478
6767,1992,VAT,Vatican City,4036.953332765974,0.4785867213701436,0.4785867213701436
6768,1993,VAT,Vatican City,4029.702562370566,0.4794568512820394,0.4794568512820394
6769,1994,VAT,Vatican City,4022.451791975158,0.4803269811939352,0.4803269811939352
6770,1995,VAT,Vatican City,4015.20102157975,0.481197111105831,0.481197111105831
6771,1996,VAT,Vatican City,3995.439785327502,0.4924881108546202,0.4924881108546202
6772,1997,VAT,Vatican City,3975.678549075254,0.5037791106034094,0.5037791106034094
6773,1998,VAT,Vatican City,3955.917312823006,0.5150701103521986,0.5150701103521986
6774,1999,VAT,Vatican City,3936.156076570758,0.5263611101009877,0.5263611101009877
6775,2000,VAT,Vatican City,3916.39484031851,0.537652109849777,0.537652109849777
6776,2001,VAT,Vatican City,3912.14677779729,0.538508983339128,0.538508983339128
6777,2002,VAT,Vatican City,3907.89871527607,0.539365856828479,0.539365856828479
6778,2003,VAT,Vatican City,3903.65065275485,0.54022273031783,0.54022273031783
6779,2004,VAT,Vatican City,3899.4025902336302,0.541079603807181,0.541079603807181
6780,2005,VAT,Vatican City,3895.15452771241,0.541936477296532,0.541936477296532
6781,2006,VAT,Vatican City,3896.184601855132,0.542527028993066,0.542527028993066
6782,2007,VAT,Vatican City,3897.214675997854,0.5431175806896,0.5431175806896
6783,2008,VAT,Vatican City,3898.244750140576,0.543708132386134,0.543708132386134
6784,2009,VAT,Vatican City,3899.274824283298,0.544298684082668,0.544298684082668
6785,2010,VAT,Vatican City,3900.30489842602,0.544889235779202,0.544889235779202
6786,2011,VAT,Vatican City,3907.960599091968,0.5439598474335227,0.5439598474335227
6787,2012,VAT,Vatican City,3915.616299757916,0.5430304590878432,0.5430304590878432
6788,2013,VAT,Vatican City,3923.272000423864,0.5421010707421638,0.5421010707421638
6789,2014,VAT,Vatican City,3930.927701089812,0.5411716823964844,0.5411716823964844
6790,2015,VAT,Vatican City,3938.58340175576,0.540242294050805,0.540242294050805
6791,2016,VAT,Vatican City,3955.016001665106,0.5412861958898172,0.5412861958898172
6792,2017,VAT,Vatican City,3971.448601574452,0.5423300977288295,0.5423300977288295
6793,2018,VAT,Vatican City,3987.881201483798,0.5433739995678416,0.5433739995678416
6794,2019,VAT,Vatican City,4004.313801393144,0.5444179014068539,0.5444179014068539
6795,2020,VAT,Vatican City,4020.74640130249,0.545461803245866,0.545461803245866
6796,2021,VAT,Vatican City,4027.5490382316634,0.5441569259471007,0.5441569259471007
6797,2022,VAT,Vatican City,4034.351675160835,0.5428520486483355,0.5428520486483355
6798,2023,VAT,Vatican City,4041.154312090008,0.5415471713495703,0.5415471713495703
6799,2024,VAT,Vatican City,4047.95694901918,0.540242294050805,0.540242294050805
